product_id,store_id,week,price,competitor_price,is_promoted,baseline_sales,promotional_lift,sales
C,1,2023-01-01,11.871976266016937,11.083937170128543,1,65.23069413061899,14.531654684892839,79.76234881551183
D,3,2023-01-02,10.843809915346993,10.834288018410518,0,69.70825054100224,0.0,69.70825054100224
A,18,2023-01-03,8.79802770935328,9.894295553740355,1,72.46792711242519,5.489269225123498,77.95719633754868
C,10,2023-01-04,10.944988734793952,8.231681842235194,1,63.74902998020541,5.865543926238483,69.6145739064439
C,3,2023-01-05,10.119360092724467,8.298777671031417,1,65.70092379490964,11.665480238622717,77.36640403353236
D,8,2023-01-06,10.828920382577778,11.40965863679459,0,65.77547315373813,0.0,65.77547315373813
A,14,2023-01-07,11.071118005771355,11.960593491002587,0,63.93109455866207,0.0,63.93109455866207
A,18,2023-01-08,8.349160718358702,10.704209028747018,0,74.04166772900062,0.0,74.04166772900062
C,15,2023-01-09,10.024415825437387,9.783833228041285,0,73.84948895596779,0.0,73.84948895596779
B,2,2023-01-10,11.728057369027736,10.59029457360763,0,63.68399327526572,0.0,63.68399327526572
C,10,2023-01-11,9.282568768638058,10.37758343691418,1,71.01934111008215,11.234058438610031,82.25339954869219
C,2,2023-01-12,10.375532390231594,9.534449041622487,0,68.82420650053785,0.0,68.82420650053785
C,17,2023-01-13,9.476921926039584,8.262504578296053,0,70.35235924824505,0.0,70.35235924824505
C,8,2023-01-14,9.817071888876399,11.286051789629763,1,70.34661062621622,18.160334183078902,88.50694480929512
D,1,2023-01-15,10.194412471752614,9.487334116954898,1,71.0393702521862,19.61558358018886,90.65495383237507
A,9,2023-01-16,10.195687919555908,11.275142573428376,0,72.06718940562222,0.0,72.06718940562222
D,11,2023-01-17,8.806921849320943,9.010034998753529,1,76.58887405125424,17.597242432182966,94.1861164834372
D,16,2023-01-18,10.738286191519332,8.004117919382534,0,73.95569808763507,0.0,73.95569808763507
D,7,2023-01-19,8.351472444970627,8.635753133107027,0,76.65366100360544,0.0,76.65366100360544
C,10,2023-01-20,8.555299093768081,9.874157667074337,1,81.03753942274369,19.344801400812912,100.3823408235566
B,3,2023-01-21,8.010843597657319,11.77721453983132,0,73.63802378284912,0.0,73.63802378284912
A,18,2023-01-22,8.466784256566726,8.408774478774877,0,80.87350193757358,0.0,80.87350193757358
B,13,2023-01-23,9.89266480420757,11.416839097846264,0,69.18087742471852,0.0,69.18087742471852
D,7,2023-01-24,10.424407524223355,10.108096384847448,0,67.88072063504083,0.0,67.88072063504083
D,4,2023-01-25,11.17715779986585,11.303683063199585,0,66.10890895813384,0.0,66.10890895813384
B,13,2023-01-26,8.426797000453744,9.19349772395997,0,74.06374686516257,0.0,74.06374686516257
B,1,2023-01-27,11.402909840065819,11.359788658689887,1,66.04879166998204,11.412527469921676,77.46131913990371
B,8,2023-01-28,10.983898102194873,11.091291120067218,1,65.30822168595007,9.895076463979809,75.20329814992988
D,14,2023-01-29,9.634073171743667,8.920214732125736,0,73.58766700398311,0.0,73.58766700398311
D,16,2023-01-30,11.731752268399818,8.525340505637512,0,63.14623809093701,0.0,63.14623809093701
A,14,2023-01-31,11.963717905829562,11.472217290129171,0,66.07567747726998,0.0,66.07567747726998
A,12,2023-02-01,8.820007240212949,11.852946613760528,0,78.12314913793244,0.0,78.12314913793244
D,19,2023-02-02,9.516914339855202,8.125209254990065,1,70.37794987101118,17.687743256899516,88.06569312791069
B,15,2023-02-03,11.705797694358845,10.925080267894742,0,67.265757170861,0.0,67.265757170861
B,2,2023-02-04,10.88638620300511,11.638098043791274,0,69.01831925769423,0.0,69.01831925769423
A,2,2023-02-05,8.19237857585635,11.429440368369995,1,82.18152491909021,17.34741246063289,99.52893737972309
D,19,2023-02-06,11.12605792700566,11.858081889080834,1,65.10733452444816,18.333311360054445,83.4406458845026
A,17,2023-02-07,11.311763548709967,11.04037631375239,1,68.44992420428746,13.167586535738419,81.61751074002588
A,10,2023-02-08,11.002007699061254,9.769195049523642,0,62.11594362748657,0.0,62.11594362748657
C,6,2023-02-09,11.198148523678062,9.247807961980522,0,64.91797919675537,0.0,64.91797919675537
C,15,2023-02-10,11.30053070677119,9.28297096175251,0,67.15858639247716,0.0,67.15858639247716
C,11,2023-02-11,8.745619947152576,10.897690690456468,0,77.94262006581161,0.0,77.94262006581161
B,5,2023-02-12,8.942766984259999,10.983348048123858,1,69.4938989522674,5.492144361929126,74.98604331419652
D,1,2023-02-13,10.53503425488071,8.80143657419485,1,70.75316915758121,14.540637031699525,85.29380618928073
D,8,2023-02-14,11.631464521850063,11.472491253962124,1,64.91593606500093,10.46531357642348,75.38124964142442
D,12,2023-02-15,9.264786329185979,10.85969616080899,1,67.64105805226514,9.428627037344633,77.06968508960978
D,12,2023-02-16,10.353226703180226,10.25100114537353,0,69.4850804283057,0.0,69.4850804283057
C,5,2023-02-17,10.73192825366853,9.886129840410051,1,72.93169893792904,11.900035933711983,84.83173487164103
B,7,2023-02-18,9.807794405196157,10.172931223159832,0,67.21534880467668,0.0,67.21534880467668
B,4,2023-02-19,10.855129819421304,8.636982953117059,0,67.10479739562554,0.0,67.10479739562554
C,6,2023-02-20,11.598669781168692,8.814804997105096,0,62.24407370257523,0.0,62.24407370257523
B,13,2023-02-21,10.496406176727351,8.364657961624767,0,67.1050326740879,0.0,67.1050326740879
C,15,2023-02-22,10.159124247658532,8.61463215264445,0,73.8191376875983,0.0,73.8191376875983
D,3,2023-02-23,9.754978701553355,9.81477453842113,1,69.9204904688658,10.289039088932872,80.20952955779866
C,8,2023-02-24,10.309945083624502,10.121417574913025,0,73.27486196167247,0.0,73.27486196167247
D,16,2023-02-25,9.421449807273584,8.071447569913278,0,75.06281272197401,0.0,75.06281272197401
D,13,2023-02-26,9.565928440806008,11.187191311456111,0,70.21400093712863,0.0,70.21400093712863
A,18,2023-02-27,10.127429918752696,9.17667189337391,1,68.10991186192321,5.6810492220303885,73.79096108395359
C,10,2023-02-28,8.266476449563267,11.647344139839644,0,72.51257423086669,0.0,72.51257423086669
A,19,2023-03-01,8.916101563699186,11.870045054455112,1,70.45905172632223,18.965149563279496,89.42420128960173
C,17,2023-03-02,10.171397242453637,8.741835498706617,0,70.54543045616262,0.0,70.54543045616262
C,19,2023-03-03,9.72611257254577,9.848389163062642,1,70.7623063367178,13.200507808351524,83.96281414506933
A,5,2023-03-04,9.331263143649938,8.004927340665704,0,70.13539426426256,0.0,70.13539426426256
A,9,2023-03-05,10.922196547237206,10.393309060489708,1,62.587121591918546,13.8564663473404,76.44358793925895
C,12,2023-03-06,10.774870429613355,10.429225793050685,1,67.99392501462657,5.919964334649239,73.9138893492758
B,1,2023-03-07,8.666923039973533,8.990159822413501,0,72.59057434289541,0.0,72.59057434289541
D,1,2023-03-08,11.514516461493752,10.23365069033279,0,64.87055752877247,0.0,64.87055752877247
A,15,2023-03-09,9.981694505615863,8.902160569774942,0,70.96890196924666,0.0,70.96890196924666
D,2,2023-03-10,10.965843644556182,8.64330187631276,0,59.59706048216786,0.0,59.59706048216786
B,16,2023-03-11,10.292603397029556,10.60607786720906,0,64.52236599778395,0.0,64.52236599778395
B,8,2023-03-12,11.990770463695373,9.3037018558083,1,70.91701783932945,11.562228899123145,82.47924673845259
B,13,2023-03-13,11.00961248015529,10.36105575554249,0,65.45133103943527,0.0,65.45133103943527
A,1,2023-03-14,10.827921844973837,9.732986995886623,0,59.96393515788591,0.0,59.96393515788591
B,16,2023-03-15,11.114287756203005,11.937405629611616,0,62.30731619284222,0.0,62.30731619284222
A,7,2023-03-16,8.572511942193879,8.598322570670263,0,81.73586627934266,0.0,81.73586627934266
B,5,2023-03-17,8.818178372677853,9.85839438654324,1,71.43647250115691,15.975871048463194,87.4123435496201
D,3,2023-03-18,10.856256328894457,10.721826505437301,0,70.9082767480081,0.0,70.9082767480081
D,12,2023-03-19,9.97592594852345,9.582180335519874,1,70.43557614944127,11.239158568727825,81.6747347181691
C,16,2023-03-20,11.018541167440466,11.898799407482759,1,65.48947538518169,16.386034088875636,81.87550947405732
D,19,2023-03-21,8.41166412297658,10.88755051170774,1,77.09134404335954,14.14446517485353,91.23580921821306
C,5,2023-03-22,10.145925405938378,10.627935430257972,1,62.40915375611601,18.440611994858287,80.8497657509743
D,14,2023-03-23,9.515286262227663,11.028237070444893,0,67.13074335374719,0.0,67.13074335374719
A,5,2023-03-24,9.828000877126714,11.810594552154868,1,69.03894433220117,8.792204091338007,77.83114842353918
D,15,2023-03-25,10.41583148829005,11.631274611938561,0,64.72379234032103,0.0,64.72379234032103
C,17,2023-03-26,10.00915338985012,10.897141232505648,0,68.23020646493774,0.0,68.23020646493774
C,14,2023-03-27,10.159442548451347,10.996646556405132,1,72.08281149169444,10.054470885761848,82.13728237745629
B,5,2023-03-28,9.945429927982431,8.583688296140583,1,70.56012038006065,19.993158780786416,90.55327916084707
A,12,2023-03-29,9.635820708341972,8.411169617970662,1,75.08438898150285,11.086267529225914,86.17065651072878
D,16,2023-03-30,11.08752792239298,10.283618007376656,0,67.3235420858763,0.0,67.3235420858763
B,16,2023-03-31,8.048812289272178,8.07347054776216,0,78.83094562666705,0.0,78.83094562666705
D,7,2023-04-01,10.393770804820909,9.929425526206366,1,68.62647668515179,13.13706505193984,81.76354173709163
D,4,2023-04-02,10.262033389291895,8.841398319675474,0,67.44307338204496,0.0,67.44307338204496
B,1,2023-04-03,10.864716298931809,9.384066270579359,1,71.84755526983025,10.710345217412986,82.55790048724324
B,5,2023-04-04,10.396117459109306,11.103218943171825,1,66.68359675886389,11.21704573309015,77.90064249195403
B,10,2023-04-05,11.307195311236313,11.764950016929546,0,67.10994853566396,0.0,67.10994853566396
B,5,2023-04-06,11.83629917825611,8.289665088585366,0,66.7977945549051,0.0,66.7977945549051
B,4,2023-04-07,9.370097028714174,10.13696882390578,0,74.41418702727005,0.0,74.41418702727005
D,2,2023-04-08,8.909403932119949,11.5301339432784,0,69.77546019298009,0.0,69.77546019298009
B,10,2023-04-09,9.694387449681932,8.330034137761686,1,74.072688868439,9.03270113679265,83.10539000523165
A,19,2023-04-10,9.151718465902904,11.298056187587335,0,69.60797886396946,0.0,69.60797886396946
C,1,2023-04-11,10.459801052610619,9.431205403713086,1,71.05270780821812,12.228012189119248,83.28071999733737
B,5,2023-04-12,11.647409635371858,9.288378808877342,0,66.66329150703173,0.0,66.66329150703173
B,13,2023-04-13,8.556464776572248,11.909865545259143,1,76.78649765562295,19.238129403057684,96.02462705868064
D,4,2023-04-14,8.403178412063546,8.803436359449176,0,71.17545420051228,0.0,71.17545420051228
B,16,2023-04-15,9.024062127414648,10.772775763290724,0,74.69160284595924,0.0,74.69160284595924
B,16,2023-04-16,10.904382344249603,11.285762912039466,0,70.5436339964757,0.0,70.5436339964757
B,2,2023-04-17,10.371851621035287,8.164733981117086,1,69.46463248637937,16.710977798013516,86.17561028439289
D,17,2023-04-18,8.408850656900798,10.681541833417649,1,72.31759799048388,15.62734546239196,87.94494345287583
B,12,2023-04-19,11.675002089042986,11.806199897421308,1,67.73423657585501,7.58133843942889,75.3155750152839
C,18,2023-04-20,11.160338548496346,8.496879866912238,0,66.86074323881327,0.0,66.86074323881327
D,3,2023-04-21,8.09209041915055,11.584885210740154,0,70.70039595106527,0.0,70.70039595106527
C,1,2023-04-22,10.605468843952984,10.379106549507744,0,65.49502508119107,0.0,65.49502508119107
D,1,2023-04-23,11.084986674078952,10.466418327449896,0,65.16615638408221,0.0,65.16615638408221
B,19,2023-04-24,9.497741478881688,10.451776699462425,0,76.0242304262739,0.0,76.0242304262739
C,11,2023-04-25,8.275686157468876,9.195343545349255,1,79.16349078651201,17.052771626524013,96.21626241303602
D,5,2023-04-26,8.309284261955149,11.740807261197839,1,79.05305280730458,6.8304574148277295,85.88351022213232
A,12,2023-04-27,8.416987864207238,11.789401850524154,1,75.44611724042988,6.876878857126204,82.32299609755609
B,3,2023-04-28,11.361758527921692,10.501218640855791,1,68.65550879157252,17.757074221412566,86.41258301298508
D,1,2023-04-29,11.642744793022853,11.133690903766459,0,61.64942739487377,0.0,61.64942739487377
A,1,2023-04-30,8.491243127382935,10.449031943524632,0,74.54667991302951,0.0,74.54667991302951
D,8,2023-05-01,8.943624138380326,9.937593790296162,0,74.52402568980781,0.0,74.52402568980781
A,10,2023-05-02,8.662082041469159,10.643280473197002,1,70.78905670366517,7.132556700558434,77.9216134042236
B,11,2023-05-03,8.745283517976482,10.212005810367835,0,74.39388571499616,0.0,74.39388571499616
C,12,2023-05-04,11.349963156009968,10.38990345052772,0,71.01002808938313,0.0,71.01002808938313
A,13,2023-05-05,9.328585650619756,11.135330213675449,0,73.69055240182263,0.0,73.69055240182263
D,12,2023-05-06,9.245777056182565,9.92361532579594,0,75.01530445144466,0.0,75.01530445144466
B,14,2023-05-07,8.909582483508451,8.163016424369891,1,65.91403177917785,16.470787122144188,82.38481890132203
A,2,2023-05-08,10.431577575177034,8.655997923957989,1,73.37917382192767,15.065829257898717,88.44500307982638
D,19,2023-05-09,9.517222793542196,9.754428865958154,0,70.88996457611691,0.0,70.88996457611691
D,18,2023-05-10,10.976998607373154,10.899306239496234,1,64.76294523567041,13.23964657220156,78.00259180787198
D,3,2023-05-11,8.82231923350255,10.373114593240714,1,73.00912874406256,9.679760304896277,82.68888904895884
A,17,2023-05-12,11.15115955485797,10.601176743493816,0,62.0914548605834,0.0,62.0914548605834
A,8,2023-05-13,10.414886126920557,9.91711571430515,0,71.89916780449475,0.0,71.89916780449475
A,10,2023-05-14,8.457069200222751,10.46296808776897,0,73.62260523101037,0.0,73.62260523101037
C,2,2023-05-15,9.65801833681451,9.316069751258649,0,68.81005255347826,0.0,68.81005255347826
A,19,2023-05-16,11.454072562451827,9.88073037078666,1,65.13361711557943,5.240927974715092,70.37454509029452
A,9,2023-05-17,11.69184092719394,10.977116262379823,0,68.2785241821466,0.0,68.2785241821466
A,7,2023-05-18,9.862800489275253,11.487331115892484,1,70.8059737345179,6.865742468619865,77.67171620313778
C,4,2023-05-19,9.923347912356295,9.734621335825555,0,66.00087495433071,0.0,66.00087495433071
A,18,2023-05-20,11.673818899757205,8.174646630829445,0,66.37348578995163,0.0,66.37348578995163
D,13,2023-05-21,10.34827289654627,8.64669017658721,0,66.16824144739331,0.0,66.16824144739331
A,11,2023-05-22,8.131386680973753,8.083444557166153,0,69.13753686295429,0.0,69.13753686295429
D,4,2023-05-23,11.650997851516514,10.61305207694932,0,69.53502808360199,0.0,69.53502808360199
D,4,2023-05-24,8.992905771028607,9.329258501420435,1,74.39297231139724,12.516318203932956,86.9092905153302
D,10,2023-05-25,10.31052781636619,10.16991454287747,0,68.83360455949119,0.0,68.83360455949119
C,5,2023-05-26,8.662053269711896,9.973107387135197,1,72.97701164677422,13.014358278405137,85.99136992517936
C,9,2023-05-27,8.13551664098638,8.326105958209707,0,79.78468857924082,0.0,79.78468857924082
C,3,2023-05-28,9.245892684531029,9.613045444495327,0,81.52378739700212,0.0,81.52378739700212
A,17,2023-05-29,11.12198283018435,8.882244499689293,0,67.9803930651465,0.0,67.9803930651465
D,3,2023-05-30,9.110348690517672,9.673599154670612,0,69.58004988146335,0.0,69.58004988146335
C,16,2023-05-31,8.880388856324387,8.81431312136897,0,72.89543687442291,0.0,72.89543687442291
C,4,2023-06-01,8.850723137364906,11.361809625107734,0,74.73954860418743,0.0,74.73954860418743
A,18,2023-06-02,10.06069472962725,8.696773346313014,0,62.76933089014264,0.0,62.76933089014264
C,17,2023-06-03,11.902165262731025,11.843122205947907,0,65.29700181714128,0.0,65.29700181714128
A,7,2023-06-04,9.835955952068051,9.663629464587764,0,71.80140753227508,0.0,71.80140753227508
B,5,2023-06-05,10.229221475560191,11.384981168076198,0,73.2913621672811,0.0,73.2913621672811
C,12,2023-06-06,11.442528071562936,10.51505927282378,1,69.33878569243035,17.131849768453076,86.47063546088343
B,17,2023-06-07,10.140278875734634,10.94140119466301,1,69.91267985366471,15.157286186865106,85.06996604052982
A,13,2023-06-08,8.737851485675424,11.070895552267121,0,78.3303562627148,0.0,78.3303562627148
D,3,2023-06-09,9.198383647065908,10.01937952757207,0,78.51188401591855,0.0,78.51188401591855
C,9,2023-06-10,9.239747705074443,10.173202093453153,1,72.36461125051005,17.24616177447546,89.61077302498552
A,17,2023-06-11,9.589272461830392,10.0559834712349,1,72.48674384991206,12.522731922196007,85.00947577210806
D,17,2023-06-12,9.707155621346997,10.352233512360318,0,65.57664107662727,0.0,65.57664107662727
D,16,2023-06-13,11.199128088297078,8.117577783026029,1,62.0496959477855,9.69294741282695,71.74264336061245
B,13,2023-06-14,9.397547996197332,9.582060679396061,0,69.29276706937945,0.0,69.29276706937945
A,19,2023-06-15,9.872927313765517,10.424754854244686,0,69.05036314515228,0.0,69.05036314515228
D,17,2023-06-16,10.49990394820421,10.390894261023458,1,65.21191908117316,19.728585471148087,84.94050455232124
C,4,2023-06-17,9.510903789760677,11.171824378422526,0,71.35930239478625,0.0,71.35930239478625
C,12,2023-06-18,11.346259253169332,10.620037355328435,1,64.72009473746814,8.712651097106178,73.43274583457432
B,9,2023-06-19,10.349814416936297,11.968533265362689,1,72.16324244320995,7.442225745152957,79.6054681883629
D,19,2023-06-20,9.176178716883886,9.13541811443458,0,71.04714291289721,0.0,71.04714291289721
A,12,2023-06-21,10.856236799159312,9.436604118664926,0,60.57113575787559,0.0,60.57113575787559
C,9,2023-06-22,10.110590920579144,9.535388607471186,0,70.04548075586884,0.0,70.04548075586884
D,7,2023-06-23,10.137823565028988,9.863251228080994,0,69.54393523167901,0.0,69.54393523167901
D,14,2023-06-24,9.924351793550343,11.343992255124839,1,67.64079497513549,11.174831906850535,78.81562688198602
B,19,2023-06-25,9.988047795284995,8.943168375836839,0,70.32085626463613,0.0,70.32085626463613
C,15,2023-06-26,11.061425124264963,11.104000828141718,0,63.58993086252611,0.0,63.58993086252611
C,16,2023-06-27,8.411925917325263,9.621240732342974,1,75.75374210889424,18.169767454772522,93.92350956366677
A,5,2023-06-28,9.33745124524193,10.407421534648034,0,79.88641957506377,0.0,79.88641957506377
C,3,2023-06-29,8.302013455215556,10.530162132905225,1,69.67714321563302,8.706973319920879,78.3841165355539
A,12,2023-06-30,11.012984882989803,9.491394548755737,0,65.41231909000311,0.0,65.41231909000311
C,4,2023-07-01,9.089207418881198,10.05046082082322,1,70.702862379009,6.258793037321441,76.96165541633044
B,16,2023-07-02,11.589721639275536,9.652124698590788,0,63.93105543171077,0.0,63.93105543171077
C,7,2023-07-03,10.106313866637175,8.276531144746478,0,72.7408321388794,0.0,72.7408321388794
A,13,2023-07-04,11.202999085944484,9.748661555267306,0,68.01948242012362,0.0,68.01948242012362
A,10,2023-07-05,11.915725742463845,8.389573570214209,0,66.79912228042774,0.0,66.79912228042774
B,7,2023-07-06,11.359155437826281,9.620083196321286,1,66.01402020078194,10.721615621199671,76.73563582198162
C,14,2023-07-07,11.467975040046094,10.371673599327128,1,61.62977692002715,19.730743055239437,81.36051997526658
C,5,2023-07-08,9.631937981459378,10.317659597374004,1,67.76012997184193,16.772927344383202,84.53305731622514
B,3,2023-07-09,10.20689038103736,10.65048511603328,0,71.6181079792877,0.0,71.6181079792877
C,11,2023-07-10,9.015554256173218,8.381046031818505,0,73.46583292672024,0.0,73.46583292672024
C,11,2023-07-11,8.784452398773812,10.608492982121751,0,77.42726502191508,0.0,77.42726502191508
A,18,2023-07-12,10.022031516424136,9.248592226785789,0,70.81369176046799,0.0,70.81369176046799
C,15,2023-07-13,10.380195918801682,9.596183784548444,1,65.31036726359858,14.016540434364924,79.3269076979635
C,12,2023-07-14,9.357084983584764,11.431945015690824,0,70.36303960669625,0.0,70.36303960669625
B,9,2023-07-15,10.277774071054,8.036121616518201,0,70.86112023588679,0.0,70.86112023588679
B,10,2023-07-16,11.549841930054011,10.353650533362423,0,67.48147169855385,0.0,67.48147169855385
D,12,2023-07-17,10.226886339133465,10.394855920400431,1,71.88466687906367,18.720966724347555,90.60563360341123
A,17,2023-07-18,10.883252385242027,9.586639105374248,1,64.20467050465834,5.172209896240668,69.37688040089901
C,6,2023-07-19,11.22125986943162,8.948111428433345,1,62.73312989347436,11.751747897122165,74.48487779059653
C,7,2023-07-20,11.95491512782177,8.938696153046205,0,63.56584705729243,0.0,63.56584705729243
D,14,2023-07-21,10.412789608707918,11.53483867864301,0,73.08185172347662,0.0,73.08185172347662
C,13,2023-07-22,11.227400595850344,9.76809749513143,1,64.23619325002491,13.216770415749792,77.4529636657747
A,8,2023-07-23,11.8505972742195,9.323557451956688,1,65.81312384914442,19.684362605616563,85.49748645476097
D,10,2023-07-24,11.777638902309093,9.795110295325612,0,66.03226670988961,0.0,66.03226670988961
A,9,2023-07-25,8.564327395110855,10.677561605837445,1,76.58933606367927,7.84722954458234,84.4365656082616
D,18,2023-07-26,9.625569233094089,8.583026272979007,1,76.11661306256237,13.732748451388847,89.84936151395121
D,2,2023-07-27,9.2959602444272,9.79773534085495,1,76.79783854101672,8.066608609243202,84.86444715025992
B,5,2023-07-28,8.347700059801397,10.351537484441547,1,73.1730823190773,12.795563943417264,85.96864626249456
A,5,2023-07-29,10.532963099643842,11.794333419405735,0,62.10742437714245,0.0,62.10742437714245
C,6,2023-07-30,10.943618452784008,9.010111128301677,0,65.13355663555375,0.0,65.13355663555375
C,19,2023-07-31,11.392512381867533,9.437002991664983,0,66.04947973653911,0.0,66.04947973653911
A,8,2023-08-01,8.491107558650834,9.517434359689695,1,73.44174149099052,16.10242053142195,89.54416202241248
C,16,2023-08-02,11.505776303501175,10.422152630579532,1,71.38636791828088,14.460507067381775,85.84687498566265
C,13,2023-08-03,10.571702254457012,9.426928212160007,1,68.34123414957831,13.24409402796135,81.58532817753967
A,1,2023-08-04,10.815784540554038,10.134047701198782,0,69.51378201910646,0.0,69.51378201910646
D,17,2023-08-05,11.642496014161216,11.127161319380118,1,65.72415488645838,7.1591287035834625,72.88328359004184
A,7,2023-08-06,10.499045084173005,10.821542376448814,1,67.46296519700851,13.930394918879061,81.39336011588757
D,13,2023-08-07,9.34346342859934,9.785474586050341,1,66.19517468031398,7.581659042341665,73.77683372265565
C,4,2023-08-08,11.30042932569064,11.456864710696676,1,65.86285910730362,18.882833117778212,84.74569222508183
C,4,2023-08-09,9.452236848780363,10.232560998375451,1,81.40723133312129,6.025011572684063,87.43224290580535
C,6,2023-08-10,8.136912443282117,10.15962335800885,0,71.85588747064014,0.0,71.85588747064014
B,19,2023-08-11,11.322618026260999,8.136751063756632,0,60.58752678809432,0.0,60.58752678809432
D,12,2023-08-12,9.380768579525103,11.946771921428645,0,77.6668621691314,0.0,77.6668621691314
B,7,2023-08-13,11.095338092805362,8.491883234118507,0,68.94023463119193,0.0,68.94023463119193
B,10,2023-08-14,9.451031578663782,8.924523649710586,1,72.20916490557896,13.300685241900611,85.50985014747957
A,19,2023-08-15,11.444272079898887,8.206787348966108,1,69.75520534740451,14.624478632410318,84.37968397981483
B,7,2023-08-16,8.878042100323835,10.560011867347654,0,70.87136787016021,0.0,70.87136787016021
A,3,2023-08-17,11.89818906079548,8.89880470789072,0,63.98564853486961,0.0,63.98564853486961
A,13,2023-08-18,11.119035099152123,8.720041749890894,1,69.5083570532461,13.454899565431433,82.96325661867753
B,13,2023-08-19,8.456951703681588,8.354222336892965,0,80.96020799241643,0.0,80.96020799241643
D,18,2023-08-20,10.263106479866241,8.413235828496063,0,65.70504761643144,0.0,65.70504761643144
D,8,2023-08-21,11.94146924896694,10.338682801770355,0,68.01779562878036,0.0,68.01779562878036
D,9,2023-08-22,9.884261810775257,10.752831463466382,0,71.49273175019718,0.0,71.49273175019718
D,7,2023-08-23,8.728428555286333,9.589515953857603,0,74.30389753642925,0.0,74.30389753642925
D,1,2023-08-24,9.939113468601384,9.919588326368293,0,70.15947192743164,0.0,70.15947192743164
B,3,2023-08-25,10.049830623527686,10.743870943931936,0,65.69656826733313,0.0,65.69656826733313
B,13,2023-08-26,10.966747776914662,8.069519160741919,1,69.98902366389511,6.75599062136253,76.74501428525764
C,17,2023-08-27,10.795383412643618,9.292522628281114,0,65.26704270109016,0.0,65.26704270109016
D,1,2023-08-28,9.610200174387922,11.892390992281385,1,67.93032736932919,14.18387226142767,82.11419963075686
B,6,2023-08-29,8.872092429976346,10.320448918781873,0,76.04009958677199,0.0,76.04009958677199
C,6,2023-08-30,10.580216671077318,9.016898319589973,0,70.62675206220808,0.0,70.62675206220808
D,12,2023-08-31,9.686815738213127,10.086920186544852,1,71.17655303619381,5.100231938358316,76.27678497455213
A,13,2023-09-01,8.529104844501322,9.370613952483662,0,77.65131632893095,0.0,77.65131632893095
C,13,2023-09-02,11.602289204945542,10.128979955305196,0,69.47094212960073,0.0,69.47094212960073
B,15,2023-09-03,10.764887430438618,8.502966047226595,0,71.63000994216077,0.0,71.63000994216077
A,16,2023-09-04,10.732735425781925,8.53085861527711,1,66.21695680244828,5.757334166186119,71.97429096863439
A,11,2023-09-05,11.290335503646695,8.574169448157571,0,69.17130828289906,0.0,69.17130828289906
A,5,2023-09-06,10.118646714620324,11.759279167707367,0,70.27898278866498,0.0,70.27898278866498
C,4,2023-09-07,11.260217713609828,10.931595673365367,1,71.39707017022764,19.04400709119829,90.44107726142593
B,3,2023-09-08,9.992363014044024,8.649527578649284,0,69.65172594906642,0.0,69.65172594906642
A,19,2023-09-09,8.26870159966284,8.753396335062405,1,74.1244802889065,19.094772669402623,93.21925295830911
D,18,2023-09-10,9.620992352110754,10.923317899483505,1,69.29563231313911,8.30725540209956,77.60288771523867
A,15,2023-09-11,9.989859575919562,8.624655379168695,1,70.59828495494799,15.88588865546155,86.48417361040953
A,9,2023-09-12,10.880810326529183,8.938245173339315,0,68.75774542318877,0.0,68.75774542318877
C,17,2023-09-13,8.426314920514697,11.853387331281596,1,76.17894208723771,16.091123447469677,92.27006553470738
C,14,2023-09-14,8.560074154641796,9.021226098913727,0,75.36729515701018,0.0,75.36729515701018
B,15,2023-09-15,9.054735210538466,10.646529401484587,0,74.84890540642401,0.0,74.84890540642401
D,1,2023-09-16,9.065993573483528,11.914525149602122,0,72.13439377180622,0.0,72.13439377180622
C,3,2023-09-17,10.928738313836249,9.497187068559171,1,64.59623911171565,16.142374623594744,80.7386137353104
A,16,2023-09-18,9.002922642246391,8.070063963448249,0,70.11174808251988,0.0,70.11174808251988
B,11,2023-09-19,10.53239225342979,8.976589161689496,0,71.32797652562104,0.0,71.32797652562104
A,12,2023-09-20,9.977095400553086,11.323508765366821,0,71.4796807299256,0.0,71.4796807299256
A,10,2023-09-21,10.293177512717602,11.458435343820147,1,63.55295414899623,17.10783978186782,80.66079393086405
C,16,2023-09-22,11.352427852713184,11.074077458095164,1,69.23297672226028,17.91979438722636,87.15277110948664
B,8,2023-09-23,9.617526006196098,8.452439276306292,1,76.78872742061968,17.258784670502315,94.047512091122
D,6,2023-09-24,11.083645508257082,11.182041486785613,0,64.60131292295316,0.0,64.60131292295316
D,12,2023-09-25,9.68814423820275,11.674711187974017,0,71.94404742421987,0.0,71.94404742421987
C,8,2023-09-26,9.415485506244998,10.402438170184944,1,70.33316920036793,19.943934297873152,90.27710349824109
C,4,2023-09-27,11.834508709252882,11.76350142535226,0,66.38139464865485,0.0,66.38139464865485
B,8,2023-09-28,8.737483682715853,11.30735553484751,0,70.28952228462677,0.0,70.28952228462677
D,18,2023-09-29,8.361347842310431,10.667886067963629,1,74.70161950177236,15.060132880734884,89.76175238250724
D,5,2023-09-30,11.083943702141914,10.308740946846992,1,69.6921112775706,15.51301453792148,85.20512581549208
D,9,2023-10-01,8.272998821416365,9.394294668967882,1,78.88813875364743,8.06036998607868,86.94850873972611
A,4,2023-10-02,11.348315962812118,8.637149780971221,1,67.23453956832272,14.809911385097019,82.04445095341974
D,17,2023-10-03,9.748773585428975,10.419815690762164,1,69.73654333408386,17.27554349722006,87.01208683130392
A,9,2023-10-04,11.662054709167656,9.272446214472478,0,60.2360326194662,0.0,60.2360326194662
B,1,2023-10-05,10.886131444487622,11.46575467011058,0,65.06895653281929,0.0,65.06895653281929
A,13,2023-10-06,10.44161866803183,11.973347749434513,1,67.26732378164016,5.442560827178089,72.70988460881824
B,16,2023-10-07,11.797227188231062,11.00971105046229,0,62.51511708540197,0.0,62.51511708540197
D,13,2023-10-08,9.586597492208217,8.361926781148203,1,71.41886642831619,5.237197943494431,76.65606437181063
D,14,2023-10-09,11.816347746158533,9.154742382122553,0,63.52529355301055,0.0,63.52529355301055
B,3,2023-10-10,8.540005109684827,8.436438527062998,0,74.89634878795185,0.0,74.89634878795185
C,6,2023-10-11,9.935019767729651,10.602046591166863,1,73.80282259995404,10.322912461192217,84.12573506114626
B,18,2023-10-12,9.07964488956878,11.060763458223139,1,71.54167866760558,11.371572956375793,82.91325162398138
C,19,2023-10-13,10.159371115632773,11.702699323522847,1,65.37328572133902,8.23016572073829,73.6034514420773
A,5,2023-10-14,8.648055511566339,9.752689385647951,0,71.95071067092637,0.0,71.95071067092637
A,15,2023-10-15,11.366118641240174,11.605502598353777,1,67.6524094861993,13.922048220166845,81.57445770636615
A,2,2023-10-16,11.38563139725823,11.51156463616531,0,67.87693716308334,0.0,67.87693716308334
D,10,2023-10-17,11.820945250893915,9.268782867061594,0,65.75541983836696,0.0,65.75541983836696
A,18,2023-10-18,8.618688563532945,11.475602502162284,0,78.04614622706521,0.0,78.04614622706521
C,13,2023-10-19,10.493330203619962,9.502689007526905,0,67.96092017950916,0.0,67.96092017950916
A,5,2023-10-20,9.896949234801479,9.187477098241123,0,76.46565073962354,0.0,76.46565073962354
B,1,2023-10-21,9.377534928176933,10.596298635177572,1,74.32195662378692,9.249571436373959,83.57152806016087
B,1,2023-10-22,9.406160644536875,9.313524911540323,1,64.21105565576573,16.80154255035691,81.01259820612265
D,18,2023-10-23,9.65117420242701,10.520834993316576,1,76.44845328260966,10.961722353486374,87.41017563609604
B,15,2023-10-24,10.819702198755813,10.439327221994779,0,65.23993357332539,0.0,65.23993357332539
C,17,2023-10-25,10.393144233072618,10.253755709393836,1,65.71826373241136,8.80035755089492,74.51862128330627
A,11,2023-10-26,9.838726051044524,9.52167881693119,1,72.0551351763651,19.814893885118778,91.87002906148388
D,17,2023-10-27,8.303733641478487,10.193998886605907,1,69.87425765855491,9.372436113855844,79.24669377241075
A,13,2023-10-28,8.311061376315829,10.385941899941686,0,72.98040817708767,0.0,72.98040817708767
A,1,2023-10-29,8.009357562503112,10.182747553981894,0,80.64322293436328,0.0,80.64322293436328
C,2,2023-10-30,11.870797552828346,9.777677811004807,0,66.05626007850748,0.0,66.05626007850748
B,9,2023-10-31,8.02101527423354,8.058668228185056,0,78.37367352011704,0.0,78.37367352011704
B,3,2023-11-01,8.41237498405498,10.348246830804603,0,72.79214324634263,0.0,72.79214324634263
A,1,2023-11-02,9.258386227237644,8.673777540570878,1,67.60973132138277,17.977900210967164,85.58763153234993
D,16,2023-11-03,11.229721007267045,10.570303875788758,0,68.43128926614007,0.0,68.43128926614007
B,6,2023-11-04,11.848395143056472,11.037377311691465,0,67.24558303955645,0.0,67.24558303955645
D,17,2023-11-05,11.160054235167424,10.001781236522966,0,69.17481745274107,0.0,69.17481745274107
B,5,2023-11-06,10.762240929782562,10.169454659918953,0,68.34048490100591,0.0,68.34048490100591
D,5,2023-11-07,10.085202669654278,11.805914238663965,0,66.84318726062095,0.0,66.84318726062095
C,6,2023-11-08,8.346820847448734,11.388669445490297,0,82.27284622183299,0.0,82.27284622183299
D,3,2023-11-09,11.832683172015722,11.65694606380588,0,65.94131281290537,0.0,65.94131281290537
C,5,2023-11-10,11.033569655782726,11.255065153278345,1,66.37763110788433,17.504647012159374,83.88227812004371
C,5,2023-11-11,10.555797541337046,8.435673367386926,1,67.82425966353875,12.491476548002531,80.31573621154129
D,10,2023-11-12,11.0361433821554,8.59596742388078,0,67.34036228775447,0.0,67.34036228775447
C,10,2023-11-13,10.896413317092554,10.106495189075838,0,70.51958483519627,0.0,70.51958483519627
A,19,2023-11-14,10.548926319157948,8.984278635191993,1,68.92210541244252,16.759810380340333,85.68191579278286
C,17,2023-11-15,11.922307200719953,9.906781900164637,0,66.80861785818264,0.0,66.80861785818264
B,14,2023-11-16,11.6134552505441,9.577461295273402,0,65.61382731204732,0.0,65.61382731204732
D,9,2023-11-17,10.586659676468653,10.197656953721813,1,67.9029592961829,16.776465711435613,84.6794250076185
A,14,2023-11-18,10.7727008458277,10.987502864543291,0,69.60564864250206,0.0,69.60564864250206
D,1,2023-11-19,8.20638322663484,10.861963628397097,1,77.19070842111687,8.016480911640011,85.20718933275688
B,19,2023-11-20,10.679669858200157,10.084936529941338,0,67.45208806811407,0.0,67.45208806811407
B,13,2023-11-21,8.1766617508404,11.289573675268233,0,73.22239387433602,0.0,73.22239387433602
B,13,2023-11-22,10.353055027879725,9.723448366152134,0,69.96602166058213,0.0,69.96602166058213
C,4,2023-11-23,11.99741399826334,11.58685715936049,1,64.24280401209776,5.4246691160400164,69.66747312813779
C,1,2023-11-24,10.223226325748719,8.285121080220655,0,67.66570588444158,0.0,67.66570588444158
D,17,2023-11-25,9.892840472325334,11.81864012013323,0,67.79427713541361,0.0,67.79427713541361
D,8,2023-11-26,9.25141942602235,10.618772325725393,1,73.47716925361631,15.694400117882086,89.17156937149839
A,2,2023-11-27,8.482090315145857,9.520298035748821,0,76.20401422564551,0.0,76.20401422564551
A,8,2023-11-28,10.924094685833126,8.78861650629151,0,66.14761959853604,0.0,66.14761959853604
D,7,2023-11-29,8.77039611114252,9.9167329177744,1,71.94900055883366,18.86040305638599,90.80940361521965
C,2,2023-11-30,8.461128084989138,8.778233292741204,0,72.12585017792102,0.0,72.12585017792102
B,3,2023-12-01,9.68705063892205,8.665326430972568,1,72.08561290066861,12.746365823279167,84.83197872394777
D,18,2023-12-02,11.18136735183639,10.469407029651897,1,64.04396672356862,16.797835735862705,80.84180245943132
A,12,2023-12-03,10.980258192480882,10.092338898327139,1,73.78262912961954,19.13796961280175,92.92059874242129
C,1,2023-12-04,8.2195304585859,10.680384138443767,0,74.1105643163293,0.0,74.1105643163293
D,12,2023-12-05,9.820574740144625,11.718423509687957,1,63.26263294594832,15.808483229666091,79.0711161756144
D,5,2023-12-06,10.089738304284676,10.12904085335616,0,69.64027008725857,0.0,69.64027008725857
C,17,2023-12-07,10.578186602503289,10.32372821305119,1,68.04633975303372,11.693018314663155,79.73935806769687
D,16,2023-12-08,10.600669401772912,8.35850535661977,0,71.53314749725382,0.0,71.53314749725382
C,15,2023-12-09,9.458788997829224,10.870543143634517,0,72.48801171669545,0.0,72.48801171669545
B,15,2023-12-10,10.242708776014055,9.599620827216626,0,66.77036812163843,0.0,66.77036812163843
C,5,2023-12-11,9.924247535376345,11.906900954650315,1,69.36808177338062,11.64959764275763,81.01767941613825
C,14,2023-12-12,11.539993426093124,11.29269606238264,1,66.3622790366736,13.300702817986213,79.66298185465982
C,2,2023-12-13,10.121060530539602,10.089924162064474,0,63.14267565744997,0.0,63.14267565744997
D,11,2023-12-14,9.764128646992646,8.492890616688664,0,74.72347926219342,0.0,74.72347926219342
D,19,2023-12-15,9.617941798727403,11.437663173122356,1,68.6526649464038,6.149537097128732,74.80220204353253
C,7,2023-12-16,10.289711037733863,11.199124381696087,0,73.38199834964126,0.0,73.38199834964126
D,6,2023-12-17,11.215907917603591,8.738340518148132,0,67.52967167056899,0.0,67.52967167056899
A,2,2023-12-18,10.15360596152315,9.18111315688124,1,71.42796452461248,8.240901743671497,79.66886626828398
A,6,2023-12-19,10.646620700322167,11.17362903259135,0,71.5084082070373,0.0,71.5084082070373
D,18,2023-12-20,10.9514230676261,8.740913786189639,1,68.8651269551992,16.79536599592222,85.66049295112143
D,2,2023-12-21,10.080672439514927,11.67100995668551,0,71.77664133040757,0.0,71.77664133040757
C,18,2023-12-22,9.707268226619458,9.698109700785448,0,70.38494599875749,0.0,70.38494599875749
B,15,2023-12-23,11.506661511449797,8.348155850350635,0,66.59652151006689,0.0,66.59652151006689
D,19,2023-12-24,9.670024336111569,11.262994574017124,1,69.22743354675006,8.47675385434025,77.70418740109031
A,2,2023-12-25,9.84777140230235,9.49403873215355,0,69.42645249432906,0.0,69.42645249432906
C,6,2023-12-26,11.96136525336711,10.105996776615124,1,70.00998938380539,18.553376651487955,88.56336603529334
D,1,2023-12-27,8.000950094303539,8.449217377644876,0,73.57256896193812,0.0,73.57256896193812
A,15,2023-12-28,8.741891638306889,8.010336059379929,1,74.23727646498818,17.43306914379438,91.67034560878257
A,10,2023-12-29,9.535855559678904,10.55194082317319,0,71.73284043110972,0.0,71.73284043110972
B,19,2023-12-30,11.730359637701012,10.060700681334927,0,63.87665767155456,0.0,63.87665767155456
C,17,2023-12-31,8.280118822989884,10.37415427649259,1,76.70284634074167,16.917284504727363,93.62013084546903
C,5,2024-01-01,8.037941734513993,11.174975401522065,0,77.65534107468217,0.0,77.65534107468217
B,4,2024-01-02,8.210735343908915,10.58642365369144,0,72.5903364188305,0.0,72.5903364188305
B,10,2024-01-03,8.354173642454473,8.699093771309508,1,75.24154920727624,11.927652219126655,87.16920142640289
C,17,2024-01-04,8.150387092825044,9.443090076442399,0,72.3017367052078,0.0,72.3017367052078
C,10,2024-01-05,9.919125307426018,11.623564419151041,1,72.60826993267385,5.1987655025586585,77.8070354352325
D,17,2024-01-06,10.323028828909312,11.079778801006716,0,69.56037544435995,0.0,69.56037544435995
D,5,2024-01-07,9.086747884276017,10.226548231746868,1,72.9867460073232,11.887838505988427,84.87458451331163
B,2,2024-01-08,9.593149535902542,9.02257999123709,0,73.19764543890959,0.0,73.19764543890959
D,6,2024-01-09,8.366797340445721,9.20824200733918,0,74.07307710725763,0.0,74.07307710725763
A,2,2024-01-10,9.345481855313688,10.927832270342538,1,74.70562031171355,10.772054258316548,85.47767457003009
D,13,2024-01-11,10.090076766538093,11.404697043411083,1,66.8844350821173,12.340646734560053,79.22508181667736
D,11,2024-01-12,10.929087228738581,10.685698678122458,0,71.44836787046783,0.0,71.44836787046783
A,11,2024-01-13,8.013385448171917,11.238119903073766,0,74.30711010781968,0.0,74.30711010781968
B,16,2024-01-14,9.86924306615061,11.066624540801623,1,65.3037335984614,17.94458598480444,83.24831958326584
A,11,2024-01-15,9.188011505819528,8.598815871827831,0,71.45036075715322,0.0,71.45036075715322
D,19,2024-01-16,11.411287286767605,9.695779251653208,1,64.44023354793455,16.841482912927866,81.28171646086241
B,15,2024-01-17,10.862213260936969,8.61193520331425,1,66.40513825873899,9.45180023029776,75.85693848903675
D,16,2024-01-18,10.356434137883578,8.94094233920794,0,69.62564163280122,0.0,69.62564163280122
A,11,2024-01-19,9.109062582787095,11.47703849860421,0,75.96633933430354,0.0,75.96633933430354
A,16,2024-01-20,11.641356408230138,9.891567862532728,1,64.50081303361817,11.213013883577455,75.71382691719563
D,8,2024-01-21,8.180402708881292,10.141432407370644,0,73.38393916389941,0.0,73.38393916389941
C,4,2024-01-22,8.43787039471646,8.71378386091109,0,71.30674837899923,0.0,71.30674837899923
C,8,2024-01-23,9.566520562161424,9.249087144195183,1,69.8958899395886,6.822430866316481,76.71832080590508
A,4,2024-01-24,8.497750229187425,8.92098467371148,0,68.84327479468668,0.0,68.84327479468668
A,3,2024-01-25,11.8256627902377,8.824744658073705,1,62.34761234873781,13.732157113666977,76.07976946240478
C,3,2024-01-26,11.191957288573533,10.55184317326388,0,70.15628982186595,0.0,70.15628982186595
C,18,2024-01-27,9.035930606407256,9.027535390582859,0,70.42213056704296,0.0,70.42213056704296
D,19,2024-01-28,10.354216915892982,10.528061944081674,0,70.82349683472196,0.0,70.82349683472196
D,19,2024-01-29,11.929322060320327,8.233818456434216,0,60.53258754961355,0.0,60.53258754961355
C,5,2024-01-30,11.536795912526012,8.567097574108407,0,70.70289996035362,0.0,70.70289996035362
D,18,2024-01-31,10.403193785768792,9.098161016000502,0,74.30323884188775,0.0,74.30323884188775
D,10,2024-02-01,11.614895868701081,10.388187667582766,1,66.92837706357639,10.035107495585894,76.96348455916228
B,6,2024-02-02,11.956739639253435,10.703364980349503,0,70.10353888717026,0.0,70.10353888717026
D,1,2024-02-03,10.973411291574497,9.770867867118108,0,68.14714505005949,0.0,68.14714505005949
A,5,2024-02-04,8.259945637931576,9.783163658308915,0,77.52571442865394,0.0,77.52571442865394
D,9,2024-02-05,9.606320945701949,10.898067405594473,0,74.96683879308875,0.0,74.96683879308875
D,12,2024-02-06,11.351302941132982,8.06328436706233,0,66.48524653589641,0.0,66.48524653589641
C,14,2024-02-07,8.922276783220076,9.364360097896881,0,68.57603726558459,0.0,68.57603726558459
A,2,2024-02-08,11.322570071002499,11.274828228476931,0,68.3991798526957,0.0,68.3991798526957
D,17,2024-02-09,8.481355048139983,10.41287764085349,0,73.14035607227966,0.0,73.14035607227966
D,14,2024-02-10,8.187781428591252,9.348908531021682,0,74.24406625135987,0.0,74.24406625135987
B,13,2024-02-11,9.536362445964999,11.622099169318695,1,72.28459741154107,8.055007066590273,80.33960447813135
D,9,2024-02-12,8.146927749706455,11.09049090979753,0,77.25805939003274,0.0,77.25805939003274
D,15,2024-02-13,11.829081051933303,9.059581788946934,0,64.96316074621873,0.0,64.96316074621873
B,15,2024-02-14,11.304822783175863,10.581159350102867,1,67.99272025894433,13.631140809292225,81.62386106823655
C,11,2024-02-15,11.2030787485195,10.383002912755828,0,64.27019235226092,0.0,64.27019235226092
D,16,2024-02-16,10.519111691984612,9.60475165615593,1,68.31455353987631,19.176712831340133,87.49126637121645
B,17,2024-02-17,8.865296092146213,9.467824316819202,0,75.95136807491397,0.0,75.95136807491397
A,4,2024-02-18,10.073041466705568,9.374241899102817,0,75.09924912919345,0.0,75.09924912919345
C,1,2024-02-19,10.389096289721364,10.468623133582588,0,75.21201789775554,0.0,75.21201789775554
A,8,2024-02-20,10.100126003441073,9.769639745922678,0,70.99855203785998,0.0,70.99855203785998
A,17,2024-02-21,9.04093347180611,11.327452453005687,1,75.3972290648185,19.706533554055575,95.10376261887407
B,3,2024-02-22,10.060991697258903,10.678410464535848,0,75.76176240266886,0.0,75.76176240266886
D,15,2024-02-23,9.964745363474506,8.279726422837737,1,68.093255799376,6.714286549969692,74.80754234934568
B,15,2024-02-24,11.985343103226898,10.560672895312663,0,65.93307024845704,0.0,65.93307024845704
B,14,2024-02-25,11.589744592184815,9.08458974600074,0,67.53579507190399,0.0,67.53579507190399
B,14,2024-02-26,9.85352299286248,10.37124796661369,0,74.7830153296428,0.0,74.7830153296428
B,2,2024-02-27,10.491749531740474,10.720527724413806,0,65.11332726316992,0.0,65.11332726316992
C,13,2024-02-28,10.991486416368915,8.923316756616048,0,64.2073233994917,0.0,64.2073233994917
D,14,2024-02-29,8.1394606409353,9.827434579521475,1,75.64576471050822,14.170049033249704,89.81581374375793
A,19,2024-03-01,11.57968576491136,8.76129945127627,1,66.39412569223083,17.859633535412613,84.25375922764344
A,7,2024-03-02,11.440507265671695,8.209355503146034,0,69.04707006418634,0.0,69.04707006418634
D,3,2024-03-03,9.829728391094829,9.513905693943476,1,72.06344615415233,11.121785852388847,83.18523200654118
A,15,2024-03-04,9.564679064321519,9.451777087383968,1,70.85172311670459,18.284296463626596,89.13601958033118
D,14,2024-03-05,9.09183749942526,11.981921962817028,1,73.97387183599264,8.328506911765594,82.30237874775824
A,11,2024-03-06,9.906707313321473,9.785409404790569,0,71.18301148885894,0.0,71.18301148885894
B,15,2024-03-07,8.177506654132948,9.334278197888802,1,80.70252932756452,18.223451824111354,98.92598115167587
A,13,2024-03-08,11.40877413338803,10.321900026866698,0,66.2706544305415,0.0,66.2706544305415
D,18,2024-03-09,8.14168947367418,8.355069576431074,1,74.42568133831976,15.459131285807853,89.88481262412762
D,6,2024-03-10,9.316205461479484,11.846662943819252,0,73.40021070577704,0.0,73.40021070577704
D,3,2024-03-11,11.72635795327596,10.539840182364133,0,65.41638209818771,0.0,65.41638209818771
D,19,2024-03-12,10.940850618093812,11.019351279763391,1,62.46446807869454,18.112560232355392,80.57702831104993
D,15,2024-03-13,9.125563842310108,8.68191175269567,0,72.57635228820317,0.0,72.57635228820317
C,5,2024-03-14,9.01059637584354,9.637911412020816,1,72.66599613625135,6.910796240005089,79.57679237625644
C,10,2024-03-15,8.020328559272103,9.690756453584758,1,74.30739872484573,9.282631701777674,83.5900304266234
A,7,2024-03-16,10.782857171399002,11.287225775604348,1,70.75817834867192,12.973660951624897,83.73183930029681
D,17,2024-03-17,8.195134326692692,8.004946719037637,0,73.05755823008595,0.0,73.05755823008595
A,7,2024-03-18,10.130410077603049,9.203412433413021,1,70.97562562576447,17.3089813651488,88.28460699091326
D,12,2024-03-19,11.8484878903682,11.924945497377216,0,64.01096532936421,0.0,64.01096532936421
D,17,2024-03-20,8.437875440217816,9.899546174024874,0,75.00945869628691,0.0,75.00945869628691
C,13,2024-03-21,11.57791972387227,9.530105120976033,1,66.50159970152079,5.200515248890935,71.70211495041173
C,4,2024-03-22,11.965901340580192,8.479316008070585,0,60.179572826586416,0.0,60.179572826586416
B,10,2024-03-23,8.24606810495694,11.896658514512062,0,75.83677836033354,0.0,75.83677836033354
C,3,2024-03-24,11.531625076549846,8.080105423703298,1,72.27196723949007,5.2326249593988825,77.50459219888894
B,9,2024-03-25,10.064316081774466,10.948720900028972,0,65.13676171704041,0.0,65.13676171704041
B,13,2024-03-26,11.62605487777832,11.074399219154033,0,64.94901147551852,0.0,64.94901147551852
B,18,2024-03-27,10.285275767678296,8.974626864255466,1,72.51389067143657,5.629781433643823,78.1436721050804
B,15,2024-03-28,10.648448040426258,10.686233774452148,0,68.95951362258202,0.0,68.95951362258202
B,4,2024-03-29,10.175115631989597,8.37171657751756,1,71.5385539603793,7.725849398422348,79.26440335880164
A,15,2024-03-30,11.457971521229394,9.02818906572832,1,58.499087403033975,16.146223094470702,74.64531049750468
C,2,2024-03-31,10.935639675814807,11.15160795316906,1,68.98782909644542,17.718918256450227,86.70674735289565
B,15,2024-04-01,10.085041248721659,11.45874476813416,1,67.45981163513423,13.183777740037216,80.64358937517144
D,8,2024-04-02,11.472643216206187,10.433945650639165,0,66.51170220513089,0.0,66.51170220513089
C,8,2024-04-03,8.981142129021338,10.02735372728193,0,72.9682694202075,0.0,72.9682694202075
C,17,2024-04-04,8.629362638810104,8.637216082475922,1,80.9469111710546,12.700523153373734,93.64743432442833
B,12,2024-04-05,8.641600421320287,8.2524361323166,1,75.71528470733676,19.838266309366254,95.55355101670301
A,19,2024-04-06,9.336035514980951,8.470596113894235,0,71.65402196726879,0.0,71.65402196726879
B,10,2024-04-07,8.95476012520407,8.909429200384395,0,68.60664134662713,0.0,68.60664134662713
A,9,2024-04-08,11.720361402038954,9.366698007587683,0,65.20235649943282,0.0,65.20235649943282
D,5,2024-04-09,8.423336375314335,9.523638102043948,0,77.19967750909747,0.0,77.19967750909747
C,6,2024-04-10,10.795962952158352,9.385287074356015,1,67.37045546806728,6.050052681995987,73.42050815006327
D,2,2024-04-11,8.756886159140024,8.956221328789063,0,72.2123724427676,0.0,72.2123724427676
A,13,2024-04-12,11.526548531081401,10.038896987006792,1,63.702594415216836,14.126134038200266,77.8287284534171
A,6,2024-04-13,11.84526115273963,11.301144432931586,1,66.06964084814707,15.599513952013947,81.66915480016102
D,5,2024-04-14,9.861880035079935,9.118814153885918,0,72.69252371268767,0.0,72.69252371268767
A,1,2024-04-15,11.516285920912527,11.769548076408933,1,69.53477258322577,10.542229010470704,80.07700159369648
D,6,2024-04-16,8.02058068301886,11.493346646895391,0,72.95325827131235,0.0,72.95325827131235
C,6,2024-04-17,11.2797876696324,8.64705684540844,0,67.73856966635564,0.0,67.73856966635564
D,16,2024-04-18,8.914500646099693,11.145103827028379,1,72.89138619844732,18.93932603393089,91.8307122323782
C,4,2024-04-19,11.634805237077472,10.298349529271066,1,64.81888167486774,10.688398057706735,75.50727973257447
D,11,2024-04-20,8.004480445920438,10.266301448685674,1,77.19203622434068,17.47051559332955,94.66255181767023
A,9,2024-04-21,10.224726940159028,9.564171052232698,0,70.54878794039774,0.0,70.54878794039774
D,3,2024-04-22,11.02654321513974,10.00461199672804,0,68.50667467195551,0.0,68.50667467195551
A,19,2024-04-23,9.034753322791632,9.588715109716844,1,69.72332645503768,14.479830205942836,84.20315666098051
D,8,2024-04-24,8.772531458349173,10.15893047503977,0,71.43297140345311,0.0,71.43297140345311
D,5,2024-04-25,8.336392897871939,10.511800211090543,0,79.44842613293724,0.0,79.44842613293724
B,4,2024-04-26,9.305734306013171,10.697215225636194,0,71.42107967951796,0.0,71.42107967951796
A,6,2024-04-27,10.239377249235318,10.129924770237704,1,70.19991144634774,13.715226400626642,83.91513784697439
B,2,2024-04-28,8.463375427121031,10.885688269314926,0,77.77387265476646,0.0,77.77387265476646
A,11,2024-04-29,9.506781447947194,8.565112197102023,1,72.86998487324087,13.220485349963601,86.09047022320446
B,4,2024-04-30,8.0362896186109,8.847929963608955,1,77.53069903708342,12.816097857625817,90.34679689470924
C,15,2024-05-01,11.274717681999366,11.27494001629708,0,68.85957999173317,0.0,68.85957999173317
D,6,2024-05-02,8.513794872372765,9.290111911385662,0,68.1086241001907,0.0,68.1086241001907
A,17,2024-05-03,9.133371793062327,8.09157529990448,0,71.13003415533142,0.0,71.13003415533142
A,6,2024-05-04,8.07371087495287,8.615164598672123,1,77.18468476464017,5.219423883165136,82.4041086478053
D,19,2024-05-05,9.72896313557005,8.894457737985245,0,74.97604351446282,0.0,74.97604351446282
A,2,2024-05-06,11.360486010964875,11.829291551578349,0,66.11682864607269,0.0,66.11682864607269
A,15,2024-05-07,9.568604845780786,10.292165715723398,0,68.76003607738934,0.0,68.76003607738934
B,11,2024-05-08,8.717989293695334,11.73092296190502,1,71.39177397008248,14.937259204124123,86.3290331742066
A,8,2024-05-09,11.014795336202077,10.3006534019865,0,69.60719760175299,0.0,69.60719760175299
C,19,2024-05-10,11.155227927482978,9.917417760551407,1,65.88099547037541,10.861327284944556,76.74232275531996
C,13,2024-05-11,8.695013901230267,9.254910764776383,1,73.8933581589382,7.3801831053452736,81.27354126428347
D,12,2024-05-12,11.08341643416396,10.425483777733502,0,68.59484127882507,0.0,68.59484127882507
A,5,2024-05-13,11.789191553025352,8.556792098470119,1,55.92785429284321,14.081176362613808,70.00903065545701
D,6,2024-05-14,8.66551034772909,11.593046509170824,0,80.00457149133697,0.0,80.00457149133697
